Model,Accuracy,Precision,Recall,F1-Score (Weighted),F1-Score (Positive Class),F1-Score (Negative Class)
Count Vectorizer (Unigram) SVC,80.0818077517833,78.7986938222195,80.0818077517833,78.73129018731258,0.6901881102610963,0.6901881102610963
TF-IDF (Unigram Bigram) SVC,80.39828624953581,79.43343675596036,80.39828624953581,79.12357772175271,0.6994339072396821,0.6994339072396821
OneHot Encoded (Unigram Bigram) SVC,80.45648282092638,79.32684488137993,80.45648282092638,79.36155423950004,0.7012105480844083,0.7012105480844083
OneHot Encoded (Unigram Bigram) Naive Bayes,64.4385693619993,71.15855496116787,64.4385693619993,66.3981839221038,0.5715343230039499,0.5715343230039499
Word2Vec CBOW SVC,73.94179234354822,72.81739522504583,73.94179234354822,70.21506070715556,0.568241103041545,0.568241103041545
Word2Vec Skipgram SVC,72.90035084218752,71.44564300209515,72.90035084218752,68.71510763152354,0.5449262088546143,0.5449262088546143
