Model,Accuracy,Precision,Recall,F1-Score (Weighted),F1-Score (Positive Class),F1-Score (Negative Class)
Count Vectorizer (Unigram) SVC,80.0818077517833,78.7986938222195,80.0818077517833,78.73129018731258,0.6901881102610963,0.6901881102610963
TF-IDF (Unigram Bigram) SVC,80.39828624953581,79.43343675596036,80.39828624953581,79.12357772175271,0.6994339072396821,0.6994339072396821
OneHot Encoded (Unigram Bigram) SVC,80.45648282092638,79.32684488137993,80.45648282092638,79.36155423950004,0.7012105480844083,0.7012105480844083
OneHot Encoded (Unigram Bigram) Naive Bayes,64.4385693619993,71.15855496116787,64.4385693619993,66.3981839221038,0.5715343230039499,0.5715343230039499
Word2Vec CBOW SVC,73.99610914351274,72.829747224795,73.99610914351274,70.30975988471975,0.5696426288365256,0.5696426288365256
Word2Vec Skipgram SVC,72.99734512783846,71.57568371425614,72.99734512783846,68.86481291909111,0.547330252358975,0.547330252358975
